1976,AL,"Carter, Jimmy",democrat,659170,1182850,0.557
1976,AK,"Carter, Jimmy",democrat,44058,123574,0.357
1976,AZ,"Carter, Jimmy",democrat,295602,742719,0.398
1976,AR,"Carter, Jimmy",democrat,498604,767535,0.65
1976,CA,"Carter, Jimmy",democrat,3742284,7803770,0.48
1976,CO,"Carter, Jimmy",democrat,460801,1081440,0.426
1976,CT,"Carter, Jimmy",democrat,647895,1386355,0.467
1976,DE,"Carter, Jimmy",democrat,122461,235642,0.52
1976,DC,"Carter, Jimmy",democrat,137818,168830,0.816
1976,FL,"Carter, Jimmy",democrat,1636000,3150631,0.519
1976,GA,"Carter, Jimmy",democrat,979409,1463152,0.669
1976,HI,"Carter, Jimmy",democrat,147375,291301,0.506
1976,ID,"Carter, Jimmy",democrat,126549,340932,0.371
1976,IL,"Carter, Jimmy",democrat,2271295,4721282,0.481
1976,IN,"Carter, Jimmy",democrat,1014714,2220362,0.457
1976,IA,"Carter, Jimmy",democrat,619931,1279303,0.485
1976,KS,"Carter, Jimmy",democrat,430421,957845,0.449
1976,KY,"Carter, Jimmy",democrat,615717,1167142,0.528
1976,LA,"Carter, Jimmy",democrat,661365,1277383,0.518
1976,ME,"Carter, Jimmy",democrat,232279,482968,0.481
1976,MD,"Carter, Jimmy",democrat,759612,1432273,0.53
1976,MA,"Carter, Jimmy",democrat,1429475,2547558,0.561
1976,MI,"Carter, Jimmy",democrat,1696714,3651590,0.465
1976,MN,"Carter, Jimmy",democrat,1070440,1949931,0.549
1976,MS,"Carter, Jimmy",democrat,381329,768390,0.496
1976,MO,"Carter, Jimmy",democrat,998387,1953600,0.511
1976,MT,"Carter, Jimmy",democrat,149259,328734,0.454
1976,NE,"Carter, Jimmy",democrat,233293,606749,0.384
1976,NV,"Carter, Jimmy",democrat,92479,201876,0.458
1976,NH,"Carter, Jimmy",democrat,147645,339627,0.435
1976,NJ,"Carter, Jimmy",democrat,1444653,3014472,0.479
1976,NM,"Carter, Jimmy",democrat,201148,416590,0.483
1976,NY,"Carter, Jimmy",democrat,3244165,6668262,0.487
1976,NC,"Carter, Jimmy",democrat,927365,1677906,0.553
1976,ND,"Carter, Jimmy",democrat,136078,297308,0.458
1976,OH,"Carter, Jimmy",democrat,2009959,4110456,0.489
1976,OK,"Carter, Jimmy",democrat,532442,1092251,0.487
1976,OR,"Carter, Jimmy",democrat,490407,1029876,0.476
1976,PA,"Carter, Jimmy",democrat,2328677,4620787,0.504
1976,RI,"Carter, Jimmy",democrat,227636,410584,0.554
1976,SC,"Carter, Jimmy",democrat,450807,802583,0.562
1976,SD,"Carter, Jimmy",democrat,147068,300678,0.489
1976,TN,"Carter, Jimmy",democrat,825879,1476346,0.559
1976,TX,"Carter, Jimmy",democrat,2082319,4071884,0.511
1976,UT,"Carter, Jimmy",democrat,182110,541218,0.336
1976,VT,"Carter, Jimmy",democrat,77798,183902,0.423
1976,VA,"Carter, Jimmy",democrat,813896,1697094,0.48
1976,WA,"Carter, Jimmy",democrat,717323,1555534,0.461
1976,WV,"Carter, Jimmy",democrat,435864,750590,0.581
1976,WI,"Carter, Jimmy",democrat,1040232,2101336,0.495
1976,WY,"Carter, Jimmy",democrat,62239,156343,0.398
1980,AL,"Carter, Jimmy",democrat,636730,1341929,0.474
1980,AK,"Carter, Jimmy",democrat,41842,158445,0.264
1980,AZ,"Carter, Jimmy",democrat,246843,873945,0.282
1980,AR,"Carter, Jimmy",democrat,398041,837582,0.475
1980,CA,"Carter, Jimmy",democrat,3082943,8582938,0.359
1980,CO,"Carter, Jimmy",democrat,368009,1184450,0.311
1980,CT,"Carter, Jimmy",democrat,541732,1406285,0.385
1980,DE,"Carter, Jimmy",democrat,105754,235668,0.449
1980,DC,"Carter, Jimmy",democrat,130231,173889,0.749
1980,FL,"Carter, Jimmy",democrat,1419475,3686927,0.385
1980,GA,"Carter, Jimmy",democrat,890955,1596805,0.558
1980,HI,"Carter, Jimmy",democrat,135879,303287,0.448
1980,ID,"Carter, Jimmy",democrat,110192,437431,0.252
1980,IL,"Carter, Jimmy",democrat,1981413,4749721,0.417
1980,IN,"Carter, Jimmy",democrat,844197,2242033,0.377
1980,IA,"Carter, Jimmy",democrat,508672,1317661,0.386
1980,KS,"Carter, Jimmy",democrat,326150,979795,0.333
1980,KY,"Carter, Jimmy",democrat,617417,1295627,0.477
1980,LA,"Carter, Jimmy",democrat,708453,1548591,0.457
1980,ME,"Carter, Jimmy",democrat,220974,523011,0.423
1980,MD,"Carter, Jimmy",democrat,726161,1540496,0.471
1980,MA,"Carter, Jimmy",democrat,1053802,2524090,0.417
1980,MI,"Carter, Jimmy",democrat,1661532,3909725,0.425
1980,MN,"Carter, Jimmy",democrat,954173,2051916,0.465
1980,MS,"Carter, Jimmy",democrat,429281,891750,0.481
1980,MO,"Carter, Jimmy",democrat,931182,2099824,0.443
1980,MT,"Carter, Jimmy",democrat,118032,363952,0.324
1980,NE,"Carter, Jimmy",democrat,166424,639533,0.26
1980,NV,"Carter, Jimmy",democrat,66666,243692,0.274
1980,NH,"Carter, Jimmy",democrat,108864,383990,0.284
1980,NJ,"Carter, Jimmy",democrat,1147364,2975684,0.386
1980,NM,"Carter, Jimmy",democrat,167826,456237,0.368
1980,NY,"Carter, Jimmy",democrat,2728372,6201959,0.44
1980,NC,"Carter, Jimmy",democrat,875635,1855833,0.472
1980,ND,"Carter, Jimmy",democrat,79189,301116,0.263
1980,OH,"Carter, Jimmy",democrat,1752414,4283603,0.409
1980,OK,"Carter, Jimmy",democrat,402026,1149708,0.35
1980,OR,"Carter, Jimmy",democrat,456890,1181516,0.387
1980,PA,"Carter, Jimmy",democrat,1937540,4561501,0.425
1980,RI,"Carter, Jimmy",democrat,198342,415967,0.477
1980,SC,"Carter, Jimmy",democrat,428220,888258,0.482
1980,SD,"Carter, Jimmy",democrat,103855,327703,0.317
1980,TN,"Carter, Jimmy",democrat,783051,1617616,0.484
1980,TX,"Carter, Jimmy",democrat,1881147,4541636,0.414
1980,UT,"Carter, Jimmy",democrat,124266,604152,0.206
1980,VT,"Carter, Jimmy",democrat,81952,213299,0.384
1980,VA,"Carter, Jimmy",democrat,752174,1866032,0.403
1980,WA,"Carter, Jimmy",democrat,650193,1742394,0.373
1980,WV,"Carter, Jimmy",democrat,367462,737715,0.498
1980,WI,"Carter, Jimmy",democrat,981584,2273221,0.432
1980,WY,"Carter, Jimmy",democrat,49427,176713,0.28
1984,AL,"Mondale, Walter",democrat,551899,1441713,0.383
1984,AK,"Mondale, Walter",democrat,62007,207605,0.299
1984,AZ,"Mondale, Walter",democrat,333854,1025897,0.325
1984,AR,"Mondale, Walter",democrat,338646,884406,0.383
1984,CA,"Mondale, Walter",democrat,3922519,9505041,0.413
1984,CO,"Mondale, Walter",democrat,454975,1295380,0.351
1984,CT,"Mondale, Walter",democrat,569597,1466900,0.388
1984,DE,"Mondale, Walter",democrat,101656,254572,0.399
1984,DC,"Mondale, Walter",democrat,180408,211288,0.854
1984,FL,"Mondale, Walter",democrat,1448816,4180051,0.347
1984,GA,"Mondale, Walter",democrat,706628,1776103,0.398
1984,HI,"Mondale, Walter",democrat,147154,335846,0.438
1984,ID,"Mondale, Walter",democrat,108510,411144,0.264
1984,IL,"Mondale, Walter",democrat,2086499,4819088,0.433
1984,IN,"Mondale, Walter",democrat,841481,2233069,0.377
1984,IA,"Mondale, Walter",democrat,605620,1319805,0.459
1984,KS,"Mondale, Walter",democrat,333149,1021991,0.326
1984,KY,"Mondale, Walter",democrat,539539,1369345,0.394
1984,LA,"Mondale, Walter",democrat,651586,1706822,0.382
1984,ME,"Mondale, Walter",democrat,214515,553144,0.388
1984,MD,"Mondale, Walter",democrat,787935,1675873,0.47
1984,MA,"Mondale, Walter",democrat,1239606,2559383,0.484
1984,MI,"Mondale, Walter",democrat,1529638,3801658,0.402
1984,MN,"Mondale, Walter",democrat,1036364,2084449,0.497
1984,MS,"Mondale, Walter",democrat,352192,941104,0.374
1984,MO,"Mondale, Walter",democrat,848583,2122771,0.4
1984,MT,"Mondale, Walter",democrat,146742,384377,0.382
1984,NE,"Mondale, Walter",democrat,187866,652090,0.288
1984,NV,"Mondale, Walter",democrat,91655,282717,0.324
1984,NH,"Mondale, Walter",democrat,120347,388904,0.309
1984,NJ,"Mondale, Walter",democrat,1261323,3217862,0.392
1984,NM,"Mondale, Walter",democrat,201769,514370,0.392
1984,NY,"Mondale, Walter",democrat,3001285,6806810,0.441
1984,NC,"Mondale, Walter",democrat,824287,2175361,0.379
1984,ND,"Mondale, Walter",democrat,104429,308971,0.338
1984,OH,"Mondale, Walter",democrat,1825440,4563235,0.4
1984,OK,"Mondale, Walter",democrat,385080,1255676,0.307
1984,OR,"Mondale, Walter",democrat,536479,1226527,0.437
1984,PA,"Mondale, Walter",democrat,2228131,4844903,0.46
1984,RI,"Mondale, Walter",democrat,197106,410489,0.48
1984,SC,"Mondale, Walter",democrat,344459,968529,0.356
1984,SD,"Mondale, Walter",democrat,116113,317867,0.365
1984,TN,"Mondale, Walter",democrat,711714,1711993,0.416
1984,TX,"Mondale, Walter",democrat,1949276,5397571,0.361
1984,UT,"Mondale, Walter",democrat,155369,629656,0.247
1984,VT,"Mondale, Walter",democrat,95730,234561,0.408
1984,VA,"Mondale, Walter",democrat,796250,2146635,0.371
1984,WA,"Mondale, Walter",democrat,798352,1874910,0.426
1984,WV,"Mondale, Walter",democrat,328125,735742,0.446
1984,WI,"Mondale, Walter",democrat,995740,2211689,0.45
1984,WY,"Mondale, Walter",democrat,53370,188968,0.282
1988,AL,"Dukakis, Michael",democrat,549506,1378476,0.399
1988,AK,"Dukakis, Michael",democrat,72584,200116,0.363
1988,AZ,"Dukakis, Michael",democrat,454029,1171873,0.387
1988,AR,"Dukakis, Michael",democrat,349237,827738,0.422
1988,CA,"Dukakis, Michael",democrat,4702233,9887065,0.476
1988,CO,"Dukakis, Michael",democrat,621453,1372394,0.453
1988,CT,"Dukakis, Michael",democrat,676584,1443394,0.469
1988,DE,"Dukakis, Michael",democrat,108647,249891,0.435
1988,DC,"Dukakis, Michael",democrat,159407,192877,0.826
1988,FL,"Dukakis, Michael",democrat,1656701,4302313,0.385
1988,GA,"Dukakis, Michael",democrat,714792,1809672,0.395
1988,HI,"Dukakis, Michael",democrat,192364,354461,0.543
1988,ID,"Dukakis, Michael",democrat,147272,408968,0.36
1988,IL,"Dukakis, Michael",democrat,2215940,4559120,0.486
1988,IN,"Dukakis, Michael",democrat,860643,2168621,0.397
1988,IA,"Dukakis, Michael",democrat,670557,1225614,0.547
1988,KS,"Dukakis, Michael",democrat,422636,993044,0.426
1988,KY,"Dukakis, Michael",democrat,580368,1322517,0.439
1988,LA,"Dukakis, Michael",democrat,717460,1628202,0.441
1988,ME,"Dukakis, Michael",democrat,243569,555035,0.439
1988,MD,"Dukakis, Michael",democrat,826304,1714358,0.482
1988,MA,"Dukakis, Michael",democrat,1401415,2632801,0.532
1988,MI,"Dukakis, Michael",democrat,1675783,3669163,0.457
1988,MN,"Dukakis, Michael",democrat,1109471,2096790,0.529
1988,MS,"Dukakis, Michael",democrat,363921,931527,0.391
1988,MO,"Dukakis, Michael",democrat,1001619,2093228,0.479
1988,MT,"Dukakis, Michael",democrat,168936,365674,0.462
1988,NE,"Dukakis, Michael",democrat,259235,661465,0.392
1988,NV,"Dukakis, Michael",democrat,132738,343133,0.387
1988,NH,"Dukakis, Michael",democrat,163696,450525,0.363
1988,NJ,"Dukakis, Michael",democrat,1320352,3099553,0.426
1988,NM,"Dukakis, Michael",democrat,244497,521387,0.469
1988,NY,"Dukakis, Michael",democrat,3255487,6485683,0.502
1988,NC,"Dukakis, Michael",democrat,890167,2134370,0.417
1988,ND,"Dukakis, Michael",democrat,127739,297261,0.43
1988,OH,"Dukakis, Michael",democrat,1939629,4393585,0.441
1988,OK,"Dukakis, Michael",democrat,483423,1171036,0.413
1988,OR,"Dukakis, Michael",democrat,616206,1201694,0.513
1988,PA,"Dukakis, Michael",democrat,2194944,4536251,0.484
1988,RI,"Dukakis, Michael",democrat,225123,404622,0.556
1988,SC,"Dukakis, Michael",democrat,370554,986009,0.376
1988,SD,"Dukakis, Michael",democrat,145560,312991,0.465
1988,TN,"Dukakis, Michael",democrat,679794,1636250,0.415
1988,TX,"Dukakis, Michael",democrat,2352748,5427410,0.433
1988,UT,"Dukakis, Michael",democrat,207343,647008,0.32
1988,VT,"Dukakis, Michael",democrat,115775,243328,0.476
1988,VA,"Dukakis, Michael",democrat,859799,2191609,0.392
1988,WA,"Dukakis, Michael",democrat,933516,1865253,0.5
1988,WV,"Dukakis, Michael",democrat,341016,653311,0.522
1988,WI,"Dukakis, Michael",democrat,1126794,2191608,0.514
1988,WY,"Dukakis, Michael",democrat,67113,176551,0.38
1992,AL,"Clinton, Bill",democrat,690080,1688060,0.409
1992,AK,"Clinton, Bill",democrat,78294,258506,0.303
1992,AZ,"Clinton, Bill",democrat,543050,1486975,0.365
1992,AR,"Clinton, Bill",democrat,505823,950653,0.532
1992,CA,"Clinton, Bill",democrat,5121325,11131721,0.46
1992,CO,"Clinton, Bill",democrat,629681,1569180,0.401
1992,CT,"Clinton, Bill",democrat,682318,1616156,0.422
1992,DE,"Clinton, Bill",democrat,126054,289620,0.435
1992,DC,"Clinton, Bill",democrat,192619,227572,0.846
1992,FL,"Clinton, Bill",democrat,2071698,5313392,0.39
1992,GA,"Clinton, Bill",democrat,1008966,2321133,0.435
1992,HI,"Clinton, Bill",democrat,179310,372842,0.481
1992,ID,"Clinton, Bill",democrat,137013,482114,0.284
1992,IL,"Clinton, Bill",democrat,2453350,5050157,0.486
1992,IN,"Clinton, Bill",democrat,848420,2305871,0.368
1992,IA,"Clinton, Bill",democrat,586353,1354607,0.433
1992,KS,"Clinton, Bill",democrat,390434,1157236,0.337
1992,KY,"Clinton, Bill",democrat,665104,1492900,0.446
1992,LA,"Clinton, Bill",democrat,815971,1790017,0.456
1992,ME,"Clinton, Bill",democrat,263420,679499,0.388
1992,MD,"Clinton, Bill",democrat,988571,1984580,0.498
1992,MA,"Clinton, Bill",democrat,1318639,2773664,0.475
1992,MI,"Clinton, Bill",democrat,1871182,4274673,0.438
1992,MN,"Clinton, Bill",democrat,1020997,2347948,0.435
1992,MS,"Clinton, Bill",democrat,400258,981793,0.408
1992,MO,"Clinton, Bill",democrat,1053873,2391270,0.441
1992,MT,"Clinton, Bill",democrat,154507,410583,0.376
1992,NE,"Clinton, Bill",democrat,216864,737546,0.294
1992,NV,"Clinton, Bill",democrat,189148,506318,0.374
1992,NH,"Clinton, Bill",democrat,209040,537215,0.389
1992,NJ,"Clinton, Bill",democrat,1436206,3343594,0.43
1992,NM,"Clinton, Bill",democrat,261617,569986,0.459
1992,NY,"Clinton, Bill",democrat,3346894,7079432,0.473
1992,NC,"Clinton, Bill",democrat,1114042,2611850,0.427
1992,ND,"Clinton, Bill",democrat,99168,308133,0.322
1992,OH,"Clinton, Bill",democrat,1984942,4939967,0.402
1992,OK,"Clinton, Bill",democrat,473066,1390359,0.34
1992,OR,"Clinton, Bill",democrat,621314,1462643,0.425
1992,PA,"Clinton, Bill",democrat,2239164,4959810,0.451
1992,RI,"Clinton, Bill",democrat,213299,453365,0.47
1992,SC,"Clinton, Bill",democrat,525514,1228912,0.428
1992,SD,"Clinton, Bill",democrat,124888,336254,0.371
1992,TN,"Clinton, Bill",democrat,933521,1982638,0.471
1992,TX,"Clinton, Bill",democrat,2281815,6154018,0.371
1992,UT,"Clinton, Bill",democrat,183429,743998,0.247
1992,VT,"Clinton, Bill",democrat,133592,289701,0.461
1992,VA,"Clinton, Bill",democrat,1038650,2559129,0.406
1992,WA,"Clinton, Bill",democrat,993037,2287565,0.434
1992,WV,"Clinton, Bill",democrat,331001,683677,0.484
1992,WI,"Clinton, Bill",democrat,1041066,2531064,0.411
1992,WY,"Clinton, Bill",democrat,68160,199884,0.341
1996,AL,"Clinton, Bill",democrat,662165,1534349,0.432
1996,AK,"Clinton, Bill",democrat,80380,241620,0.333
1996,AZ,"Clinton, Bill",democrat,653288,1404405,0.465
1996,AR,"Clinton, Bill",democrat,475171,884262,0.537
1996,CA,"Clinton, Bill",democrat,5119835,10019469,0.511
1996,CO,"Clinton, Bill",democrat,671152,1510702,0.444
1996,CT,"Clinton, Bill",democrat,735740,1392614,0.528
1996,DE,"Clinton, Bill",democrat,140355,270810,0.518
1996,DC,"Clinton, Bill",democrat,158220,185726,0.852
1996,FL,"Clinton, Bill",democrat,2546870,5303154,0.48
1996,GA,"Clinton, Bill",democrat,1053849,2298899,0.458
1996,HI,"Clinton, Bill",democrat,205012,360120,0.569
1996,ID,"Clinton, Bill",democrat,165443,491711,0.336
1996,IL,"Clinton, Bill",democrat,2341744,4311391,0.543
1996,IN,"Clinton, Bill",democrat,887424,2135431,0.416
1996,IA,"Clinton, Bill",democrat,620258,1234075,0.503
1996,KS,"Clinton, Bill",democrat,387659,1074300,0.361
1996,KY,"Clinton, Bill",democrat,636614,1388708,0.458
1996,LA,"Clinton, Bill",democrat,927837,1783959,0.52
1996,ME,"Clinton, Bill",democrat,312788,605897,0.516
1996,MD,"Clinton, Bill",democrat,966207,1780870,0.543
1996,MA,"Clinton, Bill",democrat,1571509,2556459,0.615
1996,MI,"Clinton, Bill",democrat,1989653,3848844,0.517
1996,MN,"Clinton, Bill",democrat,1120380,2192492,0.511
1996,MS,"Clinton, Bill",democrat,394022,893857,0.441
1996,MO,"Clinton, Bill",democrat,1025935,2158065,0.475
1996,MT,"Clinton, Bill",democrat,167922,407083,0.413
1996,NE,"Clinton, Bill",democrat,236761,677415,0.35
1996,NV,"Clinton, Bill",democrat,203974,464279,0.439
1996,NH,"Clinton, Bill",democrat,246166,496597,0.496
1996,NJ,"Clinton, Bill",democrat,1652361,3075860,0.537
1996,NM,"Clinton, Bill",democrat,273495,556074,0.492
1996,NY,"Clinton, Bill",democrat,3649630,6439129,0.567
1996,NC,"Clinton, Bill",democrat,1107849,2515807,0.44
1996,ND,"Clinton, Bill",democrat,106905,266411,0.401
1996,OH,"Clinton, Bill",democrat,2148222,4534434,0.474
1996,OK,"Clinton, Bill",democrat,488105,1206713,0.404
1996,OR,"Clinton, Bill",democrat,649641,1377760,0.472
1996,PA,"Clinton, Bill",democrat,2215819,4501307,0.492
1996,RI,"Clinton, Bill",democrat,233050,390247,0.597
1996,SC,"Clinton, Bill",democrat,506152,1150182,0.44
1996,SD,"Clinton, Bill",democrat,139333,323826,0.43
1996,TN,"Clinton, Bill",democrat,909146,1894105,0.48
1996,TX,"Clinton, Bill",democrat,2459683,5611644,0.438
1996,UT,"Clinton, Bill",democrat,221633,665629,0.333
1996,VT,"Clinton, Bill",democrat,137894,258449,0.534
1996,VA,"Clinton, Bill",democrat,1091060,2416642,0.451
1996,WA,"Clinton, Bill",democrat,1123323,2253837,0.498
1996,WV,"Clinton, Bill",democrat,327812,636459,0.515
1996,WI,"Clinton, Bill",democrat,1071971,2196169,0.488
1996,WY,"Clinton, Bill",democrat,77934,211571,0.368
2000,AL,"Gore, Al",democrat,692611,1666272,0.416
2000,AK,"Gore, Al",democrat,79004,285560,0.277
2000,AZ,"Gore, Al",democrat,685341,1532016,0.447
2000,AR,"Gore, Al",democrat,422768,921781,0.459
2000,CA,"Gore, Al",democrat,5861203,10965822,0.534
2000,CO,"Gore, Al",democrat,738227,1741368,0.424
2000,CT,"Gore, Al",democrat,816015,1459525,0.559
2000,DE,"Gore, Al",democrat,180068,327529,0.55
2000,DC,"Gore, Al",democrat,171923,201894,0.852
2000,FL,"Gore, Al",democrat,2912253,5963110,0.488
2000,GA,"Gore, Al",democrat,1116230,2583208,0.432
2000,HI,"Gore, Al",democrat,205286,367951,0.558
2000,ID,"Gore, Al",democrat,138637,501615,0.276
2000,IL,"Gore, Al",democrat,2589026,4742108,0.546
2000,IN,"Gore, Al",democrat,901980,2199302,0.41
2000,IA,"Gore, Al",democrat,638517,1353022,0.472
2000,KS,"Gore, Al",democrat,399276,1072216,0.372
2000,KY,"Gore, Al",democrat,638923,1544106,0.414
2000,LA,"Gore, Al",democrat,792344,1765656,0.449
2000,ME,"Gore, Al",democrat,319951,651817,0.491
2000,MD,"Gore, Al",democrat,1144008,2025212,0.565
2000,MA,"Gore, Al",democrat,1616487,2733964,0.591
2000,MI,"Gore, Al",democrat,2170418,4232501,0.513
2000,MS,"Gore, Al",democrat,404614,994184,0.407
2000,MO,"Gore, Al",democrat,1111138,2359892,0.471
2000,MT,"Gore, Al",democrat,137126,410986,0.334
2000,NE,"Gore, Al",democrat,231780,697019,0.333
2000,NV,"Gore, Al",democrat,279978,609426,0.459
2000,NH,"Gore, Al",democrat,266348,569081,0.468
2000,NJ,"Gore, Al",democrat,1788850,3187226,0.561
2000,NM,"Gore, Al",democrat,286783,598605,0.479
2000,NY,"Gore, Al",democrat,3942215,6960215,0.566
2000,NC,"Gore, Al",democrat,1257692,2914990,0.431
2000,ND,"Gore, Al",democrat,95284,288256,0.331
2000,OH,"Gore, Al",democrat,2183628,4701998,0.464
2000,OK,"Gore, Al",democrat,474276,1234229,0.384
2000,OR,"Gore, Al",democrat,720342,1533950,0.47
2000,PA,"Gore, Al",democrat,2485967,4912185,0.506
2000,RI,"Gore, Al",democrat,249508,409112,0.61
2000,SC,"Gore, Al",democrat,566037,1383902,0.409
2000,SD,"Gore, Al",democrat,118804,316269,0.376
2000,TN,"Gore, Al",democrat,981720,2076181,0.473
2000,TX,"Gore, Al",democrat,2433746,6407637,0.38
2000,UT,"Gore, Al",democrat,203053,770754,0.263
2000,VT,"Gore, Al",democrat,149022,294308,0.506
2000,VA,"Gore, Al",democrat,1217290,2739447,0.444
2000,WA,"Gore, Al",democrat,1247652,2487433,0.502
2000,WV,"Gore, Al",democrat,295497,648124,0.456
2000,WI,"Gore, Al",democrat,1242987,2598607,0.478
2000,WY,"Gore, Al",democrat,60481,213726,0.283
2004,AL,"Kerry, John",democrat,693933,1883415,0.368
2004,AK,"Kerry, John",democrat,111025,312598,0.355
2004,AZ,"Kerry, John",democrat,893524,2012585,0.444
2004,AR,"Kerry, John",democrat,469953,1054945,0.445
2004,CA,"Kerry, John",democrat,6745485,12421353,0.543
2004,CO,"Kerry, John",democrat,1001732,2129630,0.47
2004,CT,"Kerry, John",democrat,857488,1578769,0.543
2004,DE,"Kerry, John",democrat,200152,375190,0.533
2004,DC,"Kerry, John",democrat,202970,227586,0.892
2004,FL,"Kerry, John",democrat,3583544,7609810,0.471
2004,GA,"Kerry, John",democrat,1366149,3301875,0.414
2004,HI,"Kerry, John",democrat,231708,429013,0.54
2004,ID,"Kerry, John",democrat,181098,598376,0.303
2004,IL,"Kerry, John",democrat,2891550,5274322,0.548
2004,IN,"Kerry, John",democrat,969011,2468002,0.393
2004,IA,"Kerry, John",democrat,741898,1506908,0.492
2004,KS,"Kerry, John",democrat,434993,1187756,0.366
2004,KY,"Kerry, John",democrat,712733,1795882,0.397
2004,LA,"Kerry, John",democrat,820299,1943106,0.422
2004,ME,"Kerry, John",democrat,396842,740752,0.536
2004,MD,"Kerry, John",democrat,1334493,2384238,0.56
2004,MD,Other,democrat,7,2384238,0
2004,MA,"Kerry, John",democrat,1803800,2927455,0.616
2004,MI,"Kerry, John",democrat,2479183,4839252,0.512
2004,MS,"Kerry, John",democrat,457766,1139824,0.402
2004,MO,"Kerry, John",democrat,1259171,2731364,0.461
2004,MT,"Kerry, John",democrat,173710,450434,0.386
2004,NE,"Kerry, John",democrat,254328,778186,0.327
2004,NV,"Kerry, John",democrat,397190,829587,0.479
2004,NH,"Kerry, John",democrat,340511,678287,0.502
2004,NJ,"Kerry, John",democrat,1911430,3611691,0.529
2004,NM,"Kerry, John",democrat,370942,756304,0.49
2004,NY,"Kerry, John",democrat,4180755,7448266,0.561
2004,NC,"Kerry, John",democrat,1525849,3501007,0.436
2004,ND,"Kerry, John",democrat,111052,312833,0.355
2004,OH,"Kerry, John",democrat,2741165,5627903,0.487
2004,OK,"Kerry, John",democrat,503966,1463758,0.344
2004,OR,"Kerry, John",democrat,943163,1836782,0.513
2004,PA,"Kerry, John",democrat,2938095,5769590,0.509
2004,RI,"Kerry, John",democrat,259760,437134,0.594
2004,SC,"Kerry, John",democrat,661669,1617700,0.409
2004,SD,"Kerry, John",democrat,149244,388215,0.384
2004,TN,"Kerry, John",democrat,1036477,2437319,0.425
2004,TX,"Kerry, John",democrat,2832704,7410749,0.382
2004,UT,"Kerry, John",democrat,241199,927844,0.26
2004,VT,"Kerry, John",democrat,184067,312309,0.589
2004,VA,"Kerry, John",democrat,1454742,3195415,0.455
2004,WA,"Kerry, John",democrat,1510201,2859084,0.528
2004,WV,"Kerry, John",democrat,326541,755792,0.432
2004,WI,"Kerry, John",democrat,1489504,2997007,0.497
2004,WY,"Kerry, John",democrat,70776,243861,0.29
2008,AL,"Obama, Barack H.",democrat,813479,2099819,0.387
2008,AK,"Obama, Barack H.",democrat,123594,326197,0.379
2008,AZ,"Obama, Barack H.",democrat,1034707,2293475,0.451
2008,AR,"Obama, Barack H.",democrat,422310,1086617,0.389
2008,CA,"Obama, Barack H.",democrat,8274473,13561900,0.61
2008,CO,"Obama, Barack H.",democrat,1288576,2401361,0.537
2008,CT,"Obama, Barack H.",democrat,997772,1646792,0.606
2008,DE,"Obama, Barack H.",democrat,255459,412412,0.619
2008,DC,"Obama, Barack H.",democrat,245800,265853,0.925
2008,FL,"Obama, Barack H.",democrat,4282074,8390744,0.51
2008,GA,"Obama, Barack H.",democrat,1844123,3924486,0.47
2008,HI,"Obama, Barack H.",democrat,325871,456064,0.715
2008,ID,"Obama, Barack H.",democrat,236440,655122,0.361
2008,IL,"Obama, Barack H.",democrat,3419348,5522371,0.619
2008,IN,"Obama, Barack H.",democrat,1374039,2751054,0.499
2008,IA,"Obama, Barack H.",democrat,828940,1537123,0.539
2008,KS,"Obama, Barack H.",democrat,514765,1235872,0.417
2008,KY,"Obama, Barack H.",democrat,751985,1826620,0.412
2008,LA,"Obama, Barack H.",democrat,782989,1960761,0.399
2008,ME,"Obama, Barack H.",democrat,421923,731163,0.577
2008,MD,"Obama, Barack H.",democrat,1629467,2631596,0.619
2008,MA,"Obama, Barack H.",democrat,1904097,3102995,0.614
2008,MI,"Obama, Barack H.",democrat,2872579,5001596,0.574
2008,MN,"Obama, Barack H.",democrat,1573354,2910369,0.541
2008,MS,"Obama, Barack H.",democrat,554662,1289865,0.43
2008,MO,"Obama, Barack H.",democrat,1441911,2925205,0.493
2008,MT,"Obama, Barack H.",democrat,231667,490109,0.473
2008,NE,"Obama, Barack H.",democrat,333319,801281,0.416
2008,NV,"Obama, Barack H.",democrat,533736,967848,0.551
2008,NH,"Obama, Barack H.",democrat,384826,710970,0.541
2008,NJ,"Obama, Barack H.",democrat,2215422,3868237,0.573
2008,NM,"Obama, Barack H.",democrat,472422,830158,0.569
2008,NY,"Obama, Barack H.",democrat,4645332,7722019,0.602
2008,NC,"Obama, Barack H.",democrat,2142651,4310851,0.497
2008,ND,"Obama, Barack H.",democrat,141278,316621,0.446
2008,OH,"Obama, Barack H.",democrat,2940044,5708350,0.515
2008,OK,"Obama, Barack H.",democrat,502496,1462661,0.344
2008,OR,"Obama, Barack H.",democrat,1037291,1827864,0.567
2008,PA,"Obama, Barack H.",democrat,3276363,6013272,0.545
2008,RI,"Obama, Barack H.",democrat,296571,471766,0.629
2008,SC,"Obama, Barack H.",democrat,862449,1920969,0.449
2008,SD,"Obama, Barack H.",democrat,170924,381975,0.447
2008,TN,"Obama, Barack H.",democrat,1087437,2599749,0.418
2008,TX,"Obama, Barack H.",democrat,3528633,8077795,0.437
2008,UT,"Obama, Barack H.",democrat,327670,952370,0.344
2008,VT,"Obama, Barack H.",democrat,219262,325046,0.675
2008,VA,"Obama, Barack H.",democrat,1959532,3723260,0.526
2008,WA,"Obama, Barack H.",democrat,1750848,3036878,0.577
2008,WV,"Obama, Barack H.",democrat,303857,713451,0.426
2008,WI,"Obama, Barack H.",democrat,1677211,2983417,0.562
2008,WY,"Obama, Barack H.",democrat,82868,254904,0.325
2012,AL,"Obama, Barack H.",democrat,795696,2074338,0.384
2012,AK,"Obama, Barack H.",democrat,122640,300495,0.408
2012,AZ,"Obama, Barack H.",democrat,1025232,2299254,0.446
2012,AR,"Obama, Barack H.",democrat,394409,1069468,0.369
2012,CA,"Obama, Barack H.",democrat,7854285,13038547,0.602
2012,CO,"Obama, Barack H.",democrat,1323101,2569516,0.515
2012,CT,"Obama, Barack H.",democrat,905083,1558204,0.581
2012,DE,"Obama, Barack H.",democrat,242584,413890,0.586
2012,DC,"Obama, Barack H.",democrat,267070,293764,0.909
2012,FL,"Obama, Barack H.",democrat,4237756,8474179,0.5
2012,GA,"Obama, Barack H.",democrat,1773827,3897839,0.455
2012,HI,"Obama, Barack H.",democrat,306658,437159,0.701
2012,ID,"Obama, Barack H.",democrat,212787,652274,0.326
2012,IL,"Obama, Barack H.",democrat,3019512,5242014,0.576
2012,IN,"Obama, Barack H.",democrat,1152887,2624534,0.439
2012,IA,"Obama, Barack H.",democrat,822544,1582180,0.52
2012,KS,"Obama, Barack H.",democrat,440726,1159971,0.38
2012,KY,"Obama, Barack H.",democrat,679370,1797212,0.378
2012,LA,"Obama, Barack H.",democrat,809141,1994065,0.406
2012,ME,"Obama, Barack H.",democrat,401306,724758,0.554
2012,MD,"Obama, Barack H.",democrat,1677844,2707327,0.62
2012,MA,"Obama, Barack H.",democrat,1921290,3184196,0.603
2012,MI,"Obama, Barack H.",democrat,2564569,4730961,0.542
2012,MS,"Obama, Barack H.",democrat,562949,1285584,0.438
2012,MO,"Obama, Barack H.",democrat,1223796,2757323,0.444
2012,MT,"Obama, Barack H.",democrat,201839,484048,0.417
2012,NE,"Obama, Barack H.",democrat,302081,794379,0.38
2012,NV,"Obama, Barack H.",democrat,531373,1014918,0.524
2012,NH,"Obama, Barack H.",democrat,369561,710972,0.52
2012,NJ,"Obama, Barack H.",democrat,2122786,3638499,0.583
2012,NM,"Obama, Barack H.",democrat,415335,783758,0.53
2012,NY,"Obama, Barack H.",democrat,4324228,7116784,0.608
2012,NC,"Obama, Barack H.",democrat,2178391,4505372,0.484
2012,ND,"Obama, Barack H.",democrat,124966,322932,0.387
2012,OH,"Obama, Barack H.",democrat,2827621,5580822,0.507
2012,OK,"Obama, Barack H.",democrat,443547,1334872,0.332
2012,OR,"Obama, Barack H.",democrat,970488,1789270,0.542
2012,PA,"Obama, Barack H.",democrat,2990274,5742040,0.521
2012,RI,"Obama, Barack H.",democrat,279677,446049,0.627
2012,SC,"Obama, Barack H.",democrat,865941,1964118,0.441
2012,SD,"Obama, Barack H.",democrat,145039,363815,0.399
2012,TN,"Obama, Barack H.",democrat,960709,2458577,0.391
2012,TX,"Obama, Barack H.",democrat,3308124,7993851,0.414
2012,UT,"Obama, Barack H.",democrat,251813,1017440,0.247
2012,VT,"Obama, Barack H.",democrat,199239,299290,0.666
2012,VA,"Obama, Barack H.",democrat,1971820,3854489,0.512
2012,WA,"Obama, Barack H.",democrat,1755396,3125516,0.562
2012,WV,"Obama, Barack H.",democrat,238269,670438,0.355
2012,WI,"Obama, Barack H.",democrat,1620985,3071434,0.528
2012,WY,"Obama, Barack H.",democrat,69286,250701,0.276
2016,AL,"Clinton, Hillary",democrat,729547,2123372,0.344
2016,AK,"Clinton, Hillary",democrat,116454,318608,0.366
2016,AZ,"Clinton, Hillary",democrat,1161167,2573165,0.451
2016,AZ,,democrat,42,2573165,0
2016,AR,"Clinton, Hillary",democrat,380494,1130635,0.337
2016,CA,"Clinton, Hillary",democrat,8753788,14181595,0.617
2016,CO,"Clinton, Hillary",democrat,1338870,2780220,0.482
2016,CT,"Clinton, Hillary",democrat,897572,1644920,0.546
2016,DE,"Clinton, Hillary",democrat,235603,441590,0.534
2016,DC,"Clinton, Hillary",democrat,282830,312575,0.905
2016,FL,"Clinton, Hillary",democrat,4504975,9420039,0.478
2016,GA,"Clinton, Hillary",democrat,1877963,4114732,0.456
2016,HI,"Clinton, Hillary",democrat,266891,437664,0.61
2016,ID,"Clinton, Hillary",democrat,189765,690255,0.275
2016,IL,"Clinton, Hillary",democrat,3090729,5536424,0.558
2016,IN,"Clinton, Hillary",democrat,1033126,2734958,0.378
2016,IA,"Clinton, Hillary",democrat,653669,1565580,0.418
2016,KS,"Clinton, Hillary",democrat,427005,1184402,0.361
2016,KY,"Clinton, Hillary",democrat,628854,1924149,0.327
2016,LA,"Clinton, Hillary",democrat,780154,2029032,0.384
2016,ME,"Clinton, Hillary",democrat,357735,771892,0.463
2016,MD,"Clinton, Hillary",democrat,1677928,2781446,0.603
2016,MD,"Clinton, Hillary",democrat,78,2781446,0
2016,MA,"Clinton, Hillary",democrat,1995196,3378821,0.591
2016,MI,"Clinton, Hillary",democrat,2268839,4799284,0.473
2016,MN,"Clinton, Hillary",democrat,1367705,2944782,0.464
2016,MS,"Clinton, Hillary",democrat,485131,1209357,0.401
2016,MO,"Clinton, Hillary",democrat,1071068,2808605,0.381
2016,MT,"Clinton, Hillary",democrat,177709,494526,0.359
2016,NE,"Clinton, Hillary",democrat,284494,844227,0.337
2016,NV,"Clinton, Hillary",democrat,539260,1125385,0.479
2016,NH,"Clinton, Hillary",democrat,348526,744296,0.468
2016,NJ,"Clinton, Hillary",democrat,2148278,3874046,0.555
2016,NM,"Clinton, Hillary",democrat,385234,798319,0.483
2016,NY,"Clinton, Hillary",democrat,4379789,7802084,0.561
2016,NC,"Clinton, Hillary",democrat,2189316,4741564,0.462
2016,ND,"Clinton, Hillary",democrat,93758,344360,0.272
2016,OH,"Clinton, Hillary",democrat,2394164,5496487,0.436
2016,OK,"Clinton, Hillary",democrat,420375,1452992,0.289
2016,OR,"Clinton, Hillary",democrat,1002106,2001336,0.501
2016,PA,"Clinton, Hillary",democrat,2926441,6115402,0.479
2016,RI,"Clinton, Hillary",democrat,252525,464144,0.544
2016,SC,"Clinton, Hillary",democrat,855373,2103027,0.407
2016,SD,"Clinton, Hillary",democrat,117458,370093,0.317
2016,TN,"Clinton, Hillary",democrat,870695,2508027,0.347
2016,TX,"Clinton, Hillary",democrat,3877868,8969226,0.432
2016,UT,"Clinton, Hillary",democrat,310674,1131317,0.275
2016,VT,"Clinton, Hillary",democrat,178573,320467,0.557
2016,VA,"Clinton, Hillary",democrat,1981473,3982752,0.498
2016,WA,"Clinton, Hillary",democrat,1742718,3317019,0.525
2016,WV,"Clinton, Hillary",democrat,188794,713051,0.265
2016,WI,"Clinton, Hillary",democrat,1382536,2976150,0.465
2016,WY,"Clinton, Hillary",democrat,55973,258788,0.216
2000,MN,"Gore, Al",democrat,1168266,2438685,0.479
2004,MN,"Kerry, John",democrat,1445014,2828387,0.511
2012,MN,"Obama, Barack H.",democrat,1546167,2936561,0.527
1976,AL,"Ford, Gerald",republican,504070,1182850,0.426
1976,AK,"Ford, Gerald",republican,71555,123574,0.579
1976,AZ,"Ford, Gerald",republican,418642,742719,0.564
1976,AR,"Ford, Gerald",republican,267903,767535,0.349
1976,CA,"Ford, Gerald",republican,3882244,7803770,0.497
1976,CO,"Ford, Gerald",republican,584278,1081440,0.54
1976,CT,"Ford, Gerald",republican,719261,1386355,0.519
1976,DE,"Ford, Gerald",republican,109780,235642,0.466
1976,DC,"Ford, Gerald",republican,27873,168830,0.165
1976,FL,"Ford, Gerald",republican,1469531,3150631,0.466
1976,GA,"Ford, Gerald",republican,483743,1463152,0.331
1976,HI,"Ford, Gerald",republican,140003,291301,0.481
1976,ID,"Ford, Gerald",republican,204151,340932,0.599
1976,IL,"Ford, Gerald",republican,2364269,4721282,0.501
1976,IN,"Ford, Gerald",republican,1183958,2220362,0.533
1976,IA,"Ford, Gerald",republican,632864,1279303,0.495
1976,KS,"Ford, Gerald",republican,502752,957845,0.525
1976,KY,"Ford, Gerald",republican,531852,1167142,0.456
1976,LA,"Ford, Gerald",republican,587446,1277383,0.46
1976,ME,"Ford, Gerald",republican,236320,482968,0.489
1976,MD,"Ford, Gerald",republican,672661,1432273,0.47
1976,MA,"Ford, Gerald",republican,1030276,2547558,0.404
1976,MI,"Ford, Gerald",republican,1893742,3651590,0.519
1976,MN,"Ford, Gerald",republican,819395,1949931,0.42
1976,MS,"Ford, Gerald",republican,366846,768390,0.477
1976,MO,"Ford, Gerald",republican,927443,1953600,0.475
1976,MT,"Ford, Gerald",republican,173703,328734,0.528
1976,NE,"Ford, Gerald",republican,359219,606749,0.592
1976,NV,"Ford, Gerald",republican,101273,201876,0.502
1976,NH,"Ford, Gerald",republican,185935,339627,0.547
1976,NJ,"Ford, Gerald",republican,1509688,3014472,0.501
1976,NM,"Ford, Gerald",republican,211419,416590,0.507
1976,NY,"Ford, Gerald",republican,2825913,6668262,0.424
1976,NC,"Ford, Gerald",republican,741960,1677906,0.442
1976,ND,"Ford, Gerald",republican,153684,297308,0.517
1976,OH,"Ford, Gerald",republican,2000626,4110456,0.487
1976,OK,"Ford, Gerald",republican,545708,1092251,0.5
1976,OR,"Ford, Gerald",republican,492120,1029876,0.478
1976,PA,"Ford, Gerald",republican,2205604,4620787,0.477
1976,RI,"Ford, Gerald",republican,181249,410584,0.441
1976,SC,"Ford, Gerald",republican,346149,802583,0.431
1976,SD,"Ford, Gerald",republican,151505,300678,0.504
1976,TN,"Ford, Gerald",republican,633969,1476346,0.429
1976,TX,"Ford, Gerald",republican,1953300,4071884,0.48
1976,UT,"Ford, Gerald",republican,337908,541218,0.624
1976,VT,"Ford, Gerald",republican,100387,183902,0.546
1976,VA,"Ford, Gerald",republican,836554,1697094,0.493
1976,WA,"Ford, Gerald",republican,777732,1555534,0.5
1976,WV,"Ford, Gerald",republican,314726,750590,0.419
1976,WI,"Ford, Gerald",republican,1004987,2101336,0.478
1976,WY,"Ford, Gerald",republican,92717,156343,0.593
1980,AL,"Reagan, Ronald",republican,654192,1341929,0.488
1980,AK,"Reagan, Ronald",republican,86112,158445,0.543
1980,AZ,"Reagan, Ronald",republican,529688,873945,0.606
1980,AR,"Reagan, Ronald",republican,403164,837582,0.481
1980,CA,"Reagan, Ronald",republican,4522994,8582938,0.527
1980,CO,"Reagan, Ronald",republican,652264,1184450,0.551
1980,CT,"Reagan, Ronald",republican,677210,1406285,0.482
1980,DE,"Reagan, Ronald",republican,111252,235668,0.472
1980,DC,"Reagan, Ronald",republican,23313,173889,0.134
1980,FL,"Reagan, Ronald",republican,2046951,3686927,0.555
1980,GA,"Reagan, Ronald",republican,654168,1596805,0.41
1980,HI,"Reagan, Ronald",republican,130112,303287,0.429
1980,ID,"Reagan, Ronald",republican,290699,437431,0.665
1980,IL,"Reagan, Ronald",republican,2358049,4749721,0.496
1980,IN,"Reagan, Ronald",republican,1255656,2242033,0.56
1980,IA,"Reagan, Ronald",republican,676026,1317661,0.513
1980,KS,"Reagan, Ronald",republican,566812,979795,0.579
1980,KY,"Reagan, Ronald",republican,635274,1295627,0.49
1980,LA,"Reagan, Ronald",republican,792853,1548591,0.512
1980,ME,"Reagan, Ronald",republican,238522,523011,0.456
1980,MD,"Reagan, Ronald",republican,680606,1540496,0.442
1980,MA,"Reagan, Ronald",republican,1057631,2524090,0.419
1980,MI,"Reagan, Ronald",republican,1915225,3909725,0.49
1980,MN,"Reagan, Ronald",republican,873268,2051916,0.426
1980,MS,"Reagan, Ronald",republican,441089,891750,0.495
1980,MO,"Reagan, Ronald",republican,1074181,2099824,0.512
1980,MT,"Reagan, Ronald",republican,206814,363952,0.568
1980,NE,"Reagan, Ronald",republican,419214,639533,0.656
1980,NV,"Reagan, Ronald",republican,155017,243692,0.636
1980,NH,"Reagan, Ronald",republican,221705,383990,0.577
1980,NJ,"Reagan, Ronald",republican,1546557,2975684,0.52
1980,NM,"Reagan, Ronald",republican,250779,456237,0.55
1980,NY,"Reagan, Ronald",republican,2637700,6201959,0.425
1980,NC,"Reagan, Ronald",republican,915018,1855833,0.493
1980,ND,"Reagan, Ronald",republican,193695,301116,0.643
1980,OH,"Reagan, Ronald",republican,2206545,4283603,0.515
1980,OK,"Reagan, Ronald",republican,695570,1149708,0.605
1980,OR,"Reagan, Ronald",republican,571044,1181516,0.483
1980,PA,"Reagan, Ronald",republican,2261872,4561501,0.496
1980,RI,"Reagan, Ronald",republican,154793,415967,0.372
1980,SC,"Reagan, Ronald",republican,439277,888258,0.495
1980,SD,"Reagan, Ronald",republican,198343,327703,0.605
1980,TN,"Reagan, Ronald",republican,787761,1617616,0.487
1980,TX,"Reagan, Ronald",republican,2510705,4541636,0.553
1980,UT,"Reagan, Ronald",republican,439687,604152,0.728
1980,VT,"Reagan, Ronald",republican,94628,213299,0.444
1980,VA,"Reagan, Ronald",republican,989609,1866032,0.53
1980,WA,"Reagan, Ronald",republican,865244,1742394,0.497
1980,WV,"Reagan, Ronald",republican,334206,737715,0.453
1980,WI,"Reagan, Ronald",republican,1088845,2273221,0.479
1980,WY,"Reagan, Ronald",republican,110700,176713,0.626
1984,AL,"Reagan, Ronald",republican,872849,1441713,0.605
1984,AK,"Reagan, Ronald",republican,138377,207605,0.667
1984,AZ,"Reagan, Ronald",republican,681416,1025897,0.664
1984,AR,"Reagan, Ronald",republican,534774,884406,0.605
1984,CA,"Reagan, Ronald",republican,5467009,9505041,0.575
1984,CO,"Reagan, Ronald",republican,821817,1295380,0.634
1984,CT,"Reagan, Ronald",republican,890877,1466900,0.607
1984,DE,"Reagan, Ronald",republican,152190,254572,0.598
1984,DC,"Reagan, Ronald",republican,29009,211288,0.137
1984,FL,"Reagan, Ronald",republican,2730350,4180051,0.653
1984,GA,"Reagan, Ronald",republican,1068722,1776103,0.602
1984,HI,"Reagan, Ronald",republican,185050,335846,0.551
1984,ID,"Reagan, Ronald",republican,297523,411144,0.724
1984,IL,"Reagan, Ronald",republican,2707103,4819088,0.562
1984,IN,"Reagan, Ronald",republican,1377230,2233069,0.617
1984,IA,"Reagan, Ronald",republican,703088,1319805,0.533
1984,KS,"Reagan, Ronald",republican,677296,1021991,0.663
1984,KY,"Reagan, Ronald",republican,821702,1369345,0.6
1984,LA,"Reagan, Ronald",republican,1037299,1706822,0.608
1984,ME,"Reagan, Ronald",republican,336500,553144,0.608
1984,MD,"Reagan, Ronald",republican,879918,1675873,0.525
1984,MA,"Reagan, Ronald",republican,1310936,2559383,0.512
1984,MI,"Reagan, Ronald",republican,2251571,3801658,0.592
1984,MN,"Reagan, Ronald",republican,1032603,2084449,0.495
1984,MS,"Reagan, Ronald",republican,582377,941104,0.619
1984,MO,"Reagan, Ronald",republican,1274188,2122771,0.6
1984,MT,"Reagan, Ronald",republican,232450,384377,0.605
1984,NE,"Reagan, Ronald",republican,460054,652090,0.706
1984,NV,"Reagan, Ronald",republican,188770,282717,0.668
1984,NH,"Reagan, Ronald",republican,267050,388904,0.687
1984,NJ,"Reagan, Ronald",republican,1933630,3217862,0.601
1984,NM,"Reagan, Ronald",republican,307101,514370,0.597
1984,NY,"Reagan, Ronald",republican,3376519,6806810,0.496
1984,NC,"Reagan, Ronald",republican,1346481,2175361,0.619
1984,ND,"Reagan, Ronald",republican,200336,308971,0.648
1984,OH,"Reagan, Ronald",republican,2678559,4563235,0.587
1984,OK,"Reagan, Ronald",republican,861530,1255676,0.686
1984,OR,"Reagan, Ronald",republican,685700,1226527,0.559
1984,PA,"Reagan, Ronald",republican,2584323,4844903,0.533
1984,RI,"Reagan, Ronald",republican,212080,410489,0.517
1984,SC,"Reagan, Ronald",republican,615539,968529,0.636
1984,SD,"Reagan, Ronald",republican,200267,317867,0.63
1984,TN,"Reagan, Ronald",republican,990212,1711993,0.578
1984,TX,"Reagan, Ronald",republican,3433428,5397571,0.636
1984,UT,"Reagan, Ronald",republican,469105,629656,0.745
1984,VT,"Reagan, Ronald",republican,135865,234561,0.579
1984,VA,"Reagan, Ronald",republican,1337078,2146635,0.623
1984,WA,"Reagan, Ronald",republican,1051670,1874910,0.561
1984,WV,"Reagan, Ronald",republican,405483,735742,0.551
1984,WI,"Reagan, Ronald",republican,1198584,2211689,0.542
1984,WY,"Reagan, Ronald",republican,133241,188968,0.705
1988,AL,"Bush, George H.W.",republican,815576,1378476,0.592
1988,AK,"Bush, George H.W.",republican,119251,200116,0.596
1988,AZ,"Bush, George H.W.",republican,702541,1171873,0.6
1988,AR,"Bush, George H.W.",republican,466578,827738,0.564
1988,CA,"Bush, George H.W.",republican,5054917,9887065,0.511
1988,CO,"Bush, George H.W.",republican,728177,1372394,0.531
1988,CT,"Bush, George H.W.",republican,750241,1443394,0.52
1988,DE,"Bush, George H.W.",republican,139639,249891,0.559
1988,DC,"Bush, George H.W.",republican,27590,192877,0.143
1988,FL,"Bush, George H.W.",republican,2618885,4302313,0.609
1988,GA,"Bush, George H.W.",republican,1081331,1809672,0.598
1988,HI,"Bush, George H.W.",republican,158625,354461,0.448
1988,ID,"Bush, George H.W.",republican,253881,408968,0.621
1988,IL,"Bush, George H.W.",republican,2310939,4559120,0.507
1988,IN,"Bush, George H.W.",republican,1297763,2168621,0.598
1988,IA,"Bush, George H.W.",republican,545355,1225614,0.445
1988,KS,"Bush, George H.W.",republican,554049,993044,0.558
1988,KY,"Bush, George H.W.",republican,734281,1322517,0.555
1988,LA,"Bush, George H.W.",republican,883702,1628202,0.543
1988,ME,"Bush, George H.W.",republican,307131,555035,0.553
1988,MD,"Bush, George H.W.",republican,876167,1714358,0.511
1988,MA,"Bush, George H.W.",republican,1194635,2632801,0.454
1988,MI,"Bush, George H.W.",republican,1965486,3669163,0.536
1988,MN,"Bush, George H.W.",republican,962337,2096790,0.459
1988,MS,"Bush, George H.W.",republican,557890,931527,0.599
1988,MO,"Bush, George H.W.",republican,1084953,2093228,0.518
1988,MT,"Bush, George H.W.",republican,190412,365674,0.521
1988,NE,"Bush, George H.W.",republican,397956,661465,0.602
1988,NV,"Bush, George H.W.",republican,206040,343133,0.6
1988,NH,"Bush, George H.W.",republican,281537,450525,0.625
1988,NJ,"Bush, George H.W.",republican,1743192,3099553,0.562
1988,NM,"Bush, George H.W.",republican,270341,521387,0.519
1988,NY,"Bush, George H.W.",republican,2838414,6485683,0.438
1988,NC,"Bush, George H.W.",republican,1237258,2134370,0.58
1988,ND,"Bush, George H.W.",republican,166559,297261,0.56
1988,OH,"Bush, George H.W.",republican,2416549,4393585,0.55
1988,OK,"Bush, George H.W.",republican,678367,1171036,0.579
1988,OR,"Bush, George H.W.",republican,560126,1201694,0.466
1988,PA,"Bush, George H.W.",republican,2300087,4536251,0.507
1988,RI,"Bush, George H.W.",republican,177761,404622,0.439
1988,SC,"Bush, George H.W.",republican,606443,986009,0.615
1988,SD,"Bush, George H.W.",republican,165415,312991,0.528
1988,TN,"Bush, George H.W.",republican,947233,1636250,0.579
1988,TX,"Bush, George H.W.",republican,3036829,5427410,0.56
1988,UT,"Bush, George H.W.",republican,428442,647008,0.662
1988,VT,"Bush, George H.W.",republican,124331,243328,0.511
1988,VA,"Bush, George H.W.",republican,1309162,2191609,0.597
1988,WA,"Bush, George H.W.",republican,903835,1865253,0.485
1988,WV,"Bush, George H.W.",republican,310065,653311,0.475
1988,WI,"Bush, George H.W.",republican,1047499,2191608,0.478
1988,WY,"Bush, George H.W.",republican,106867,176551,0.605
1992,AL,"Bush, George H.W.",republican,804283,1688060,0.476
1992,AK,"Bush, George H.W.",republican,102000,258506,0.395
1992,AZ,"Bush, George H.W.",republican,572086,1486975,0.385
1992,AR,"Bush, George H.W.",republican,337324,950653,0.355
1992,CA,"Bush, George H.W.",republican,3630574,11131721,0.326
1992,CO,"Bush, George H.W.",republican,562850,1569180,0.359
1992,CT,"Bush, George H.W.",republican,578313,1616156,0.358
1992,DE,"Bush, George H.W.",republican,102313,289620,0.353
1992,DC,"Bush, George H.W.",republican,20698,227572,0.091
1992,FL,"Bush, George H.W.",republican,2173310,5313392,0.409
1992,GA,"Bush, George H.W.",republican,995252,2321133,0.429
1992,HI,"Bush, George H.W.",republican,136822,372842,0.367
1992,ID,"Bush, George H.W.",republican,202645,482114,0.42
1992,IL,"Bush, George H.W.",republican,1734096,5050157,0.343
1992,IN,"Bush, George H.W.",republican,989375,2305871,0.429
1992,IA,"Bush, George H.W.",republican,504891,1354607,0.373
1992,KS,"Bush, George H.W.",republican,449951,1157236,0.389
1992,KY,"Bush, George H.W.",republican,617178,1492900,0.413
1992,LA,"Bush, George H.W.",republican,733386,1790017,0.41
1992,ME,"Bush, George H.W.",republican,206504,679499,0.304
1992,MD,"Bush, George H.W.",republican,707094,1984580,0.356
1992,MA,"Bush, George H.W.",republican,805039,2773664,0.29
1992,MI,"Bush, George H.W.",republican,1554940,4274673,0.364
1992,MN,"Bush, George H.W.",republican,747841,2347948,0.319
1992,MS,"Bush, George H.W.",republican,487793,981793,0.497
1992,MO,"Bush, George H.W.",republican,811159,2391270,0.339
1992,MT,"Bush, George H.W.",republican,144207,410583,0.351
1992,NE,"Bush, George H.W.",republican,343678,737546,0.466
1992,NV,"Bush, George H.W.",republican,175828,506318,0.347
1992,NH,"Bush, George H.W.",republican,202484,537215,0.377
1992,NJ,"Bush, George H.W.",republican,1356865,3343594,0.406
1992,NM,"Bush, George H.W.",republican,212824,569986,0.373
1992,NY,"Bush, George H.W.",republican,2041690,7079432,0.288
1992,NC,"Bush, George H.W.",republican,1134661,2611850,0.434
1992,ND,"Bush, George H.W.",republican,136244,308133,0.442
1992,OH,"Bush, George H.W.",republican,1894310,4939967,0.383
1992,OK,"Bush, George H.W.",republican,592929,1390359,0.426
1992,OR,"Bush, George H.W.",republican,475757,1462643,0.325
1992,PA,"Bush, George H.W.",republican,1791841,4959810,0.361
1992,RI,"Bush, George H.W.",republican,131601,453365,0.29
1992,SC,"Bush, George H.W.",republican,577507,1228912,0.47
1992,SD,"Bush, George H.W.",republican,136718,336254,0.407
1992,TN,"Bush, George H.W.",republican,841300,1982638,0.424
1992,TX,"Bush, George H.W.",republican,2496071,6154018,0.406
1992,UT,"Bush, George H.W.",republican,322632,743998,0.434
1992,VT,"Bush, George H.W.",republican,88122,289701,0.304
1992,VA,"Bush, George H.W.",republican,1150517,2559129,0.45
1992,WA,"Bush, George H.W.",republican,731234,2287565,0.32
1992,WV,"Bush, George H.W.",republican,241974,683677,0.354
1992,WI,"Bush, George H.W.",republican,930855,2531064,0.368
1992,WY,"Bush, George H.W.",republican,79347,199884,0.397
1996,AL,"Dole, Robert",republican,769044,1534349,0.501
1996,AK,"Dole, Robert",republican,122746,241620,0.508
1996,AZ,"Dole, Robert",republican,622073,1404405,0.443
1996,AR,"Dole, Robert",republican,325416,884262,0.368
1996,CA,"Dole, Robert",republican,3828381,10019469,0.382
1996,CO,"Dole, Robert",republican,691848,1510702,0.458
1996,CT,"Dole, Robert",republican,483109,1392614,0.347
1996,DE,"Dole, Robert",republican,99062,270810,0.366
1996,DC,"Dole, Robert",republican,17339,185726,0.093
1996,FL,"Dole, Robert",republican,2244536,5303154,0.423
1996,GA,"Dole, Robert",republican,1080843,2298899,0.47
1996,HI,"Dole, Robert",republican,113943,360120,0.316
1996,ID,"Dole, Robert",republican,256595,491711,0.522
1996,IL,"Dole, Robert",republican,1587021,4311391,0.368
1996,IN,"Dole, Robert",republican,1006693,2135431,0.471
1996,IA,"Dole, Robert",republican,492644,1234075,0.399
1996,KS,"Dole, Robert",republican,583245,1074300,0.543
1996,KY,"Dole, Robert",republican,623283,1388708,0.449
1996,LA,"Dole, Robert",republican,712586,1783959,0.399
1996,ME,"Dole, Robert",republican,186378,605897,0.308
1996,MD,"Dole, Robert",republican,681530,1780870,0.383
1996,MA,"Dole, Robert",republican,718058,2556459,0.281
1996,MI,"Dole, Robert",republican,1481212,3848844,0.385
1996,MN,"Dole, Robert",republican,766395,2192492,0.35
1996,MS,"Dole, Robert",republican,439838,893857,0.492
1996,MO,"Dole, Robert",republican,890016,2158065,0.412
1996,MT,"Dole, Robert",republican,179652,407083,0.441
1996,NE,"Dole, Robert",republican,363467,677415,0.537
1996,NV,"Dole, Robert",republican,199244,464279,0.429
1996,NH,"Dole, Robert",republican,196486,496597,0.396
1996,NJ,"Dole, Robert",republican,1103099,3075860,0.359
1996,NM,"Dole, Robert",republican,232751,556074,0.419
1996,NY,"Dole, Robert",republican,1738707,6439129,0.27
1996,NC,"Dole, Robert",republican,1225938,2515807,0.487
1996,ND,"Dole, Robert",republican,125050,266411,0.469
1996,OH,"Dole, Robert",republican,1859883,4534434,0.41
1996,OK,"Dole, Robert",republican,582315,1206713,0.483
1996,OR,"Dole, Robert",republican,538152,1377760,0.391
1996,PA,"Dole, Robert",republican,1801169,4501307,0.4
1996,RI,"Dole, Robert",republican,104683,390247,0.268
1996,SC,"Dole, Robert",republican,573339,1150182,0.498
1996,SD,"Dole, Robert",republican,150543,323826,0.465
1996,TN,"Dole, Robert",republican,863530,1894105,0.456
1996,TX,"Dole, Robert",republican,2736167,5611644,0.488
1996,UT,"Dole, Robert",republican,361911,665629,0.544
1996,VT,"Dole, Robert",republican,80352,258449,0.311
1996,VA,"Dole, Robert",republican,1138350,2416642,0.471
1996,WA,"Dole, Robert",republican,840712,2253837,0.373
1996,WV,"Dole, Robert",republican,233946,636459,0.368
1996,WI,"Dole, Robert",republican,845029,2196169,0.385
1996,WY,"Dole, Robert",republican,105388,211571,0.498
2000,AL,"Bush, George W.",republican,941173,1666272,0.565
2000,AK,"Bush, George W.",republican,167398,285560,0.586
2000,AZ,"Bush, George W.",republican,781652,1532016,0.51
2000,AR,"Bush, George W.",republican,472940,921781,0.513
2000,CA,"Bush, George W.",republican,4567429,10965822,0.417
2000,CO,"Bush, George W.",republican,883748,1741368,0.508
2000,CT,"Bush, George W.",republican,561094,1459525,0.384
2000,DE,"Bush, George W.",republican,137288,327529,0.419
2000,DC,"Bush, George W.",republican,18073,201894,0.09
2000,FL,"Bush, George W.",republican,2912790,5963110,0.488
2000,GA,"Bush, George W.",republican,1419720,2583208,0.55
2000,HI,"Bush, George W.",republican,137845,367951,0.375
2000,ID,"Bush, George W.",republican,336937,501615,0.672
2000,IL,"Bush, George W.",republican,2019421,4742108,0.426
2000,IN,"Bush, George W.",republican,1245836,2199302,0.566
2000,IA,"Bush, George W.",republican,634373,1353022,0.469
2000,KS,"Bush, George W.",republican,622332,1072216,0.58
2000,KY,"Bush, George W.",republican,872520,1544106,0.565
2000,LA,"Bush, George W.",republican,927871,1765656,0.526
2000,ME,"Bush, George W.",republican,286616,651817,0.44
2000,MD,"Bush, George W.",republican,813827,2025212,0.402
2000,MA,"Bush, George W.",republican,878502,2733964,0.321
2000,MI,"Bush, George W.",republican,1953139,4232501,0.461
2000,MN,"Bush, George W.",republican,1109659,2438685,0.455
2000,MS,"Bush, George W.",republican,572844,994184,0.576
2000,MO,"Bush, George W.",republican,1189924,2359892,0.504
2000,MT,"Bush, George W.",republican,240178,410986,0.584
2000,NE,"Bush, George W.",republican,433862,697019,0.622
2000,NV,"Bush, George W.",republican,301575,609426,0.495
2000,NH,"Bush, George W.",republican,273559,569081,0.481
2000,NJ,"Bush, George W.",republican,1284173,3187226,0.403
2000,NM,"Bush, George W.",republican,286417,598605,0.478
2000,NY,"Bush, George W.",republican,2258577,6960215,0.324
2000,NC,"Bush, George W.",republican,1631163,2914990,0.56
2000,ND,"Bush, George W.",republican,174852,288256,0.607
2000,OH,"Bush, George W.",republican,2350363,4701998,0.5
2000,OK,"Bush, George W.",republican,744337,1234229,0.603
2000,OR,"Bush, George W.",republican,713577,1533950,0.465
2000,PA,"Bush, George W.",republican,2281127,4912185,0.464
2000,RI,"Bush, George W.",republican,130555,409112,0.319
2000,SC,"Bush, George W.",republican,786892,1383902,0.569
2000,SD,"Bush, George W.",republican,190700,316269,0.603
2000,TN,"Bush, George W.",republican,1061949,2076181,0.511
2000,TX,"Bush, George W.",republican,3799639,6407637,0.593
2000,UT,"Bush, George W.",republican,515096,770754,0.668
2000,VT,"Bush, George W.",republican,119775,294308,0.407
2000,VA,"Bush, George W.",republican,1437490,2739447,0.525
2000,WA,"Bush, George W.",republican,1108864,2487433,0.446
2000,WV,"Bush, George W.",republican,336475,648124,0.519
2000,WI,"Bush, George W.",republican,1237279,2598607,0.476
2000,WY,"Bush, George W.",republican,147947,213726,0.692
2004,AL,"Bush, George W.",republican,1176394,1883415,0.625
2004,AK,"Bush, George W.",republican,190889,312598,0.611
2004,AZ,"Bush, George W.",republican,1104294,2012585,0.549
2004,AR,"Bush, George W.",republican,572898,1054945,0.543
2004,CA,"Bush, George W.",republican,5509826,12421353,0.444
2004,CO,"Bush, George W.",republican,1101255,2129630,0.517
2004,CT,"Bush, George W.",republican,693826,1578769,0.439
2004,DE,"Bush, George W.",republican,171660,375190,0.458
2004,DC,"Bush, George W.",republican,21256,227586,0.093
2004,FL,"Bush, George W.",republican,3964522,7609810,0.521
2004,GA,"Bush, George W.",republican,1914254,3301875,0.58
2004,HI,"Bush, George W.",republican,194191,429013,0.453
2004,ID,"Bush, George W.",republican,409235,598376,0.684
2004,IL,"Bush, George W.",republican,2345946,5274322,0.445
2004,IN,"Bush, George W.",republican,1479438,2468002,0.599
2004,IA,"Bush, George W.",republican,751957,1506908,0.499
2004,KS,"Bush, George W.",republican,736456,1187756,0.62
2004,KY,"Bush, George W.",republican,1069439,1795882,0.595
2004,LA,"Bush, George W.",republican,1102169,1943106,0.567
2004,ME,"Bush, George W.",republican,330201,740752,0.446
2004,MD,"Bush, George W.",republican,1024703,2384238,0.43
2004,MA,"Bush, George W.",republican,1071109,2927455,0.366
2004,MI,"Bush, George W.",republican,2313746,4839252,0.478
2004,MN,"Bush, George W.",republican,1346695,2828387,0.476
2004,MS,"Bush, George W.",republican,672660,1139824,0.59
2004,MO,"Bush, George W.",republican,1455713,2731364,0.533
2004,MT,"Bush, George W.",republican,266063,450434,0.591
2004,NE,"Bush, George W.",republican,512814,778186,0.659
2004,NV,"Bush, George W.",republican,418690,829587,0.505
2004,NH,"Bush, George W.",republican,331237,678287,0.488
2004,NJ,"Bush, George W.",republican,1670003,3611691,0.462
2004,NM,"Bush, George W.",republican,376930,756304,0.498
2004,NY,"Bush, George W.",republican,2806993,7448266,0.377
2004,NC,"Bush, George W.",republican,1961166,3501007,0.56
2004,ND,"Bush, George W.",republican,196651,312833,0.629
2004,OH,"Bush, George W.",republican,2859764,5627903,0.508
2004,OK,"Bush, George W.",republican,959792,1463758,0.656
2004,OR,"Bush, George W.",republican,866831,1836782,0.472
2004,PA,"Bush, George W.",republican,2793847,5769590,0.484
2004,RI,"Bush, George W.",republican,169046,437134,0.387
2004,SC,"Bush, George W.",republican,937974,1617700,0.58
2004,SD,"Bush, George W.",republican,232584,388215,0.599
2004,TN,"Bush, George W.",republican,1384375,2437319,0.568
2004,TX,"Bush, George W.",republican,4526917,7410749,0.611
2004,UT,"Bush, George W.",republican,663742,927844,0.715
2004,VT,"Bush, George W.",republican,121180,312309,0.388
2004,VA,"Bush, George W.",republican,1716959,3195415,0.537
2004,WA,"Bush, George W.",republican,1304894,2859084,0.456
2004,WV,"Bush, George W.",republican,423778,755792,0.561
2004,WI,"Bush, George W.",republican,1478120,2997007,0.493
2004,WY,"Bush, George W.",republican,167629,243861,0.687
2008,AL,"McCain, John",republican,1266546,2099819,0.603
2008,AK,"McCain, John",republican,193841,326197,0.594
2008,AZ,"McCain, John",republican,1230111,2293475,0.536
2008,AR,"McCain, John",republican,638017,1086617,0.587
2008,CA,"McCain, John",republican,5011781,13561900,0.37
2008,CO,"McCain, John",republican,1073589,2401361,0.447
2008,CT,"McCain, John",republican,629428,1646792,0.382
2008,DE,"McCain, John",republican,152374,412412,0.369
2008,DC,"McCain, John",republican,17367,265853,0.065
2008,FL,"McCain, John",republican,4045624,8390744,0.482
2008,GA,"McCain, John",republican,2048759,3924486,0.522
2008,HI,"McCain, John",republican,120566,456064,0.264
2008,ID,"McCain, John",republican,403012,655122,0.615
2008,IL,"McCain, John",republican,2031179,5522371,0.368
2008,IN,"McCain, John",republican,1345648,2751054,0.489
2008,IA,"McCain, John",republican,682379,1537123,0.444
2008,KS,"McCain, John",republican,699655,1235872,0.566
2008,KY,"McCain, John",republican,1048462,1826620,0.574
2008,LA,"McCain, John",republican,1148275,1960761,0.586
2008,ME,"McCain, John",republican,295273,731163,0.404
2008,MD,"McCain, John",republican,959862,2631596,0.365
2008,MA,"McCain, John",republican,1108854,3102995,0.357
2008,MI,"McCain, John",republican,2048639,5001596,0.41
2008,MN,"McCain, John",republican,1275409,2910369,0.438
2008,MS,"McCain, John",republican,724597,1289865,0.562
2008,MO,"McCain, John",republican,1445814,2925205,0.494
2008,MT,"McCain, John",republican,242763,490109,0.495
2008,NE,"McCain, John",republican,452979,801281,0.565
2008,NV,"McCain, John",republican,412827,967848,0.427
2008,NH,"McCain, John",republican,316534,710970,0.445
2008,NJ,"McCain, John",republican,1613207,3868237,0.417
2008,NM,"McCain, John",republican,346832,830158,0.418
2008,NY,"McCain, John",republican,2418323,7722019,0.313
2008,NC,"McCain, John",republican,2128474,4310851,0.494
2008,ND,"McCain, John",republican,168601,316621,0.533
2008,OH,"McCain, John",republican,2677820,5708350,0.469
2008,OK,"McCain, John",republican,960165,1462661,0.656
2008,OR,"McCain, John",republican,738475,1827864,0.404
2008,PA,"McCain, John",republican,2655885,6013272,0.442
2008,RI,"McCain, John",republican,165391,471766,0.351
2008,SC,"McCain, John",republican,1034896,1920969,0.539
2008,SD,"McCain, John",republican,203054,381975,0.532
2008,TN,"McCain, John",republican,1479178,2599749,0.569
2008,TX,"McCain, John",republican,4479328,8077795,0.555
2008,UT,"McCain, John",republican,596030,952370,0.626
2008,VT,"McCain, John",republican,98974,325046,0.304
2008,VA,"McCain, John",republican,1725005,3723260,0.463
2008,WA,"McCain, John",republican,1229216,3036878,0.405
2008,WV,"McCain, John",republican,397466,713451,0.557
2008,WI,"McCain, John",republican,1262393,2983417,0.423
2008,WY,"McCain, John",republican,164958,254904,0.647
2012,AL,"Romney, Mitt",republican,1255925,2074338,0.605
2012,AK,"Romney, Mitt",republican,164676,300495,0.548
2012,AZ,"Romney, Mitt",republican,1233654,2299254,0.537
2012,AR,"Romney, Mitt",republican,647744,1069468,0.606
2012,CA,"Romney, Mitt",republican,4839958,13038547,0.371
2012,CO,"Romney, Mitt",republican,1185243,2569516,0.461
2012,CT,"Romney, Mitt",republican,634892,1558204,0.407
2012,DE,"Romney, Mitt",republican,165484,413890,0.4
2012,DC,"Romney, Mitt",republican,21381,293764,0.073
2012,FL,"Romney, Mitt",republican,4163447,8474179,0.491
2012,GA,"Romney, Mitt",republican,2078688,3897839,0.533
2012,HI,"Romney, Mitt",republican,121015,437159,0.277
2012,ID,"Romney, Mitt",republican,420911,652274,0.645
2012,IL,"Romney, Mitt",republican,2135216,5242014,0.407
2012,IN,"Romney, Mitt",republican,1420543,2624534,0.541
2012,IA,"Romney, Mitt",republican,730617,1582180,0.462
2012,KS,"Romney, Mitt",republican,692634,1159971,0.597
2012,KY,"Romney, Mitt",republican,1087190,1797212,0.605
2012,LA,"Romney, Mitt",republican,1152262,1994065,0.578
2012,ME,"Romney, Mitt",republican,292276,724758,0.403
2012,MD,"Romney, Mitt",republican,971869,2707327,0.359
2012,MA,"Romney, Mitt",republican,1188314,3184196,0.373
2012,MI,"Romney, Mitt",republican,2115256,4730961,0.447
2012,MN,"Romney, Mitt",republican,1320225,2936561,0.45
2012,MS,"Romney, Mitt",republican,710746,1285584,0.553
2012,MO,"Romney, Mitt",republican,1482440,2757323,0.538
2012,MT,"Romney, Mitt",republican,267928,484048,0.554
2012,NE,"Romney, Mitt",republican,475064,794379,0.598
2012,NV,"Romney, Mitt",republican,463567,1014918,0.457
2012,NH,"Romney, Mitt",republican,329918,710972,0.464
2012,NJ,"Romney, Mitt",republican,1478088,3638499,0.406
2012,NM,"Romney, Mitt",republican,335788,783758,0.428
2012,NY,"Romney, Mitt",republican,2223397,7116784,0.312
2012,NC,"Romney, Mitt",republican,2270395,4505372,0.504
2012,ND,"Romney, Mitt",republican,188320,322932,0.583
2012,OH,"Romney, Mitt",republican,2661407,5580822,0.477
2012,OK,"Romney, Mitt",republican,891325,1334872,0.668
2012,OR,"Romney, Mitt",republican,754175,1789270,0.421
2012,PA,"Romney, Mitt",republican,2680434,5742040,0.467
2012,RI,"Romney, Mitt",republican,157204,446049,0.352
2012,SC,"Romney, Mitt",republican,1071645,1964118,0.546
2012,SD,"Romney, Mitt",republican,210610,363815,0.579
2012,TN,"Romney, Mitt",republican,1462330,2458577,0.595
2012,TX,"Romney, Mitt",republican,4569843,7993851,0.572
2012,UT,"Romney, Mitt",republican,740600,1017440,0.728
2012,VT,"Romney, Mitt",republican,92698,299290,0.31
2012,VA,"Romney, Mitt",republican,1822522,3854489,0.473
2012,WA,"Mitt, Romney",republican,1290670,3125516,0.413
2012,WV,"Romney, Mitt",republican,417655,670438,0.623
2012,WI,"Romney, Mitt",republican,1410966,3071434,0.459
2012,WY,"Romney, Mitt",republican,170962,250701,0.682
2016,AL,"Trump, Donald J.",republican,1318255,2123372,0.621
2016,AK,"Trump, Donald J.",republican,163387,318608,0.513
2016,AZ,"Trump, Donald J.",republican,1252401,2573165,0.487
2016,AR,"Trump, Donald J.",republican,684872,1130635,0.606
2016,CA,"Trump, Donald J.",republican,4483810,14181595,0.316
2016,CO,"Trump, Donald J.",republican,1202484,2780220,0.433
2016,CT,"Trump, Donald J.",republican,673215,1644920,0.409
2016,DE,"Trump, Donald J.",republican,185127,441590,0.419
2016,DC,"Trump, Donald J.",republican,12723,312575,0.041
2016,FL,"Trump, Donald J.",republican,4617886,9420039,0.49
2016,GA,"Trump, Donald J.",republican,2089104,4114732,0.508
2016,HI,"Trump, Donald J.",republican,128847,437664,0.294
2016,ID,"Trump, Donald J.",republican,409055,690255,0.593
2016,IL,"Trump, Donald J.",republican,2146015,5536424,0.388
2016,IN,"Trump, Donald J.",republican,1557286,2734958,0.569
2016,IA,"Trump, Donald J.",republican,800983,1565580,0.512
2016,KS,"Trump, Donald J.",republican,671018,1184402,0.567
2016,KY,"Trump, Donald J.",republican,1202971,1924149,0.625
2016,LA,"Trump, Donald J.",republican,1178638,2029032,0.581
2016,ME,"Trump, Donald J.",republican,335593,771892,0.435
2016,MD,"Trump, Donald J.",republican,943169,2781446,0.339
2016,MD,"Trump, Donald J.",republican,259,2781446,0
2016,MA,"Trump, Donald J.",republican,1090893,3378821,0.323
2016,MI,"Trump, Donald J.",republican,2279543,4799284,0.475
2016,MN,"Trump, Donald J.",republican,1322949,2944782,0.449
2016,MS,"Trump, Donald J.",republican,700714,1209357,0.579
2016,MO,"Trump, Donald J.",republican,1594511,2808605,0.568
2016,MT,"Trump, Donald J.",republican,279240,494526,0.565
2016,NE,"Trump, Donald J.",republican,495961,844227,0.587
2016,NV,"Trump, Donald J.",republican,512058,1125385,0.455
2016,NH,"Trump, Donald J.",republican,345790,744296,0.465
2016,NJ,"Trump, Donald J.",republican,1601933,3874046,0.414
2016,NM,"Trump, Donald J.",republican,319667,798319,0.4
2016,NY,"Trump, Donald J.",republican,2527142,7802084,0.324
2016,NC,"Trump, Donald J.",republican,2362631,4741564,0.498
2016,ND,"Trump, Donald J.",republican,216794,344360,0.63
2016,OH,"Trump, Donald J.",republican,2841005,5496487,0.517
2016,OK,"Trump, Donald J.",republican,949136,1452992,0.653
2016,OR,"Trump, Donald J.",republican,782403,2001336,0.391
2016,PA,"Trump, Donald J.",republican,2970733,6115402,0.486
2016,RI,"Trump, Donald J.",republican,180543,464144,0.389
2016,SC,"Trump, Donald J.",republican,1155389,2103027,0.549
2016,SD,"Trump, Donald J.",republican,227721,370093,0.615
2016,TN,"Trump, Donald J.",republican,1522925,2508027,0.607
2016,TX,"Trump, Donald J.",republican,4685047,8969226,0.522
2016,UT,"Trump, Donald J.",republican,515211,1131317,0.455
2016,VT,"Trump, Donald J.",republican,95369,320467,0.298
2016,VA,"Trump, Donald J.",republican,1769443,3982752,0.444
2016,WA,"Trump, Donald J.",republican,1221747,3317019,0.368
2016,WV,"Trump, Donald J.",republican,489371,713051,0.686
2016,WI,"Trump, Donald J.",republican,1405284,2976150,0.472
2016,WY,"Trump, Donald J.",republican,174419,258788,0.674